step,success
10000,0
20000,0.0277777786
30000,0.0555555565
40000,0.082702022
50000,0.119809204
60000,0.170328283
70000,0.245328283
80000,0.340566379
90000,0.435566378
100000,0.512036967
110000,0.608190811
120000,0.691524144
130000,0.769301921
140000,0.842029193
150000,0.869112527
160000,0.806612527
170000,0.742723639
180000,0.655818877
190000,0.571929989
200000,0.504550309
210000,0.416729799
220000,0.316729799
230000,0.233396466
240000,0.153396466
250000,0.102828285
260000,0.152828285
270000,0.171717175
280000,0.216325021
290000,0.258547246
300000,0.305011895
310000,0.373601639
320000,0.442022693
330000,0.480911584
340000,0.51424492
350000,0.572533691
360000,0.57547487
370000,0.599321026
380000,0.602629846
390000,0.59929651
400000,0.618740952
410000,0.621817875
420000,0.627081031
430000,0.635811186
440000,0.647477847
450000,0.654340589
460000,0.619376938
470000,0.570581286
480000,0.52266462
490000,0.493876742
500000,0.465751742
510000,0.426928212
520000,0.405624957
530000,0.391339244
540000,0.397767819
550000,0.367767824
560000,0.404790297
570000,0.452680971
580000,0.512768692
590000,0.558223239
600000,0.578014907
610000,0.610522646
620000,0.611475027
630000,0.623975027
640000,0.624768674
650000,0.645119548
660000,0.660119545
670000,0.695413661
680000,0.669097871
690000,0.614195908
700000,0.572529239
710000,0.537306569
720000,0.514742465
730000,0.483011696
740000,0.433866399
750000,0.406336036
760000,0.383002704
770000,0.32476741
780000,0.315995481
790000,0.311923083
800000,0.328589749
810000,0.308310028
820000,0.310874131
830000,0.313438233
840000,0.304647025
850000,0.278493179
860000,0.265159846
870000,0.271523482
880000,0.256371967
890000,0.284393945
900000,0.284393945
910000,0.311666673
920000,0.295000006
930000,0.318809532
940000,0.342985356
950000,0.352397121
960000,0.352397121
970000,0.332700151
980000,0.329902948
990000,0.334188662
1000000,0.309188664
1010000,0.297067451
1020000,0.311170016
1030000,0.274027157
1040000,0.268898952
1050000,0.264487186
1060000,0.264487186
1070000,0.266002338
1080000,0.296771568
1090000,0.273438235
1100000,0.303830391
1110000,0.299068487
1120000,0.314965922
1130000,0.318042845
1140000,0.29720951
1150000,0.279901818
1160000,0.290318484
1170000,0.328386665
1180000,0.302232819
1190000,0.305566152
1200000,0.28927656
1210000,0.28927656
1220000,0.265686817
1230000,0.29715535
1240000,0.311322018
1250000,0.326706633
1260000,0.329110479
1270000,0.315717623
1280000,0.331011741
1290000,0.384345075
1300000,0.4081213
1310000,0.410319102
1320000,0.396333088
1330000,0.363216203
1340000,0.344241843
1350000,0.35241492
1360000,0.313953382
1370000,0.309557778
1380000,0.295692231
1390000,0.264025562
1400000,0.238051535
1410000,0.240615638
1420000,0.256524728
1430000,0.260096157
1440000,0.285737183
1450000,0.277564106
1460000,0.278962708
1470000,0.26192974
1480000,0.26192974
1490000,0.244072598
1500000,0.221751168
1510000,0.216195613
1520000,0.191195613
1530000,0.193468341
1540000,0.191385007
1550000,0.19771985
1560000,0.235295607
1570000,0.253867036
1580000,0.259105133
1590000,0.261962277
1600000,0.297378942
1610000,0.302934498
1620000,0.345791641
1630000,0.368518913
1640000,0.37363255
1650000,0.414220783
1660000,0.400887451
1670000,0.390887451
1680000,0.427857146
1690000,0.434523812
1700000,0.472857147
1710000,0.512857148
1720000,0.515454552
1730000,0.519300708
1740000,0.529090917
1750000,0.51742425
1760000,0.553321686
1770000,0.559035972
1780000,0.53539961
1790000,0.552066275
1800000,0.542066273
1810000,0.505096576
1820000,0.479642029
1830000,0.461089991
1840000,0.491859223
1850000,0.483525892
1860000,0.487022395
1870000,0.482558109
1880000,0.481019647
1890000,0.489352979
1900000,0.486019649
1910000,0.499656011
1920000,0.554656011
1930000,0.588592663
1940000,0.566215041
1950000,0.566215041
1960000,0.55502623
1970000,0.56127623
1980000,0.576660848
1990000,0.578327519
2000000,0.551660851
2010000,0.528327519
2020000,0.489691156
2030000,0.438642204
2040000,0.429551294
2050000,0.400979866
2060000,0.397774734
2070000,0.410274734
2080000,0.383701305
2090000,0.373701303
2100000,0.388246758
2110000,0.407034637
2120000,0.408171
2130000,0.444534637
2140000,0.452926247
2150000,0.486043131
2160000,0.496940571
2170000,0.484440571
2180000,0.526398614
2190000,0.568706307
2200000,0.550524488
2210000,0.550524488
2220000,0.533024488
2230000,0.536812364
2240000,0.532966207
2250000,0.532966207
2260000,0.513735436
2270000,0.547664009
2280000,0.53843324
2290000,0.50612555
2300000,0.551580094
2310000,0.572792216
2320000,0.606125551
2330000,0.570014443
2340000,0.550014444
2350000,0.557968988
2360000,0.577199759
2370000,0.575001957
2380000,0.588335289
2390000,0.601062562
2400000,0.555608018
2410000,0.56894135
2420000,0.594179441
2430000,0.648880297
2440000,0.672726452
2450000,0.670226455
2460000,0.660995686
2470000,0.663987136
2480000,0.640653801
2490000,0.634593195
2500000,0.648229557
2510000,0.618229556
2520000,0.586716953
2530000,0.576460543
2540000,0.591364387
2550000,0.593269148
2560000,0.574935812
2570000,0.556559747
2580000,0.56655975
2590000,0.580845463
2600000,0.593345463
2610000,0.606503356
2620000,0.629444531
2630000,0.596111196
2640000,0.582361197
2650000,0.585162318
2660000,0.605034116
2670000,0.601187959
2680000,0.591187957
2690000,0.566485575
2700000,0.563985577
2710000,0.565113398
2720000,0.5576134
2730000,0.564280066
2740000,0.570818529
2750000,0.576112643
2760000,0.567515358
2770000,0.584182027
2780000,0.604770264
2790000,0.60306572
2800000,0.600960454
2810000,0.620885268
2820000,0.611718604
2830000,0.621718603
2840000,0.618074876
2850000,0.612360591
2860000,0.640669411
2870000,0.638288456
2880000,0.623255777
2890000,0.609886792
2900000,0.621222827
2910000,0.592567858
2920000,0.595484522
2930000,0.603817853
2940000,0.609559479
2950000,0.605273768
2960000,0.599023768
2970000,0.598374417
2980000,0.617818859
2990000,0.633785248
3000000,0.639554477
3010000,0.643998921
3020000,0.65441559
3030000,0.67703464
3040000,0.693398279
3050000,0.694267839
3060000,0.702601171
3070000,0.707714808
3080000,0.677159253
3090000,0.695016393
3100000,0.673349729
3110000,0.695167908
3120000,0.663501239
3130000,0.65397743
3140000,0.650900507
3150000,0.663364279
3160000,0.618492487
3170000,0.605992487
3180000,0.639325821
3190000,0.624325824
3200000,0.637659156
3210000,0.585840976
3220000,0.589302516
3230000,0.576207274
3240000,0.569872433
3250000,0.560175461
3260000,0.59171392
3270000,0.599749634
3280000,0.568125701
3290000,0.566020435
3300000,0.56089223
3310000,0.572558895
3320000,0.59880324
3330000,0.607136577
3340000,0.600184703
3350000,0.618901283
3360000,0.601842463
3370000,0.614027339
3380000,0.623429051
3390000,0.629820028
3400000,0.634948233
3410000,0.662512338
3420000,0.677806455
3430000,0.682568359
3440000,0.693931997
3450000,0.678245723
3460000,0.669748989
3470000,0.659198221
3480000,0.672153551
3490000,0.676338754
3500000,0.677950765
