step,wall_time,value
10000,1788355492.6465414,0.19997724890708923
20000,1788355550.6105704,0.1999412477016449
30000,1788355609.3771958,0.19990070164203644
40000,1788355673.1267936,0.1998603194952011
50000,1788355732.5035355,0.19981971383094788
60000,1788355792.9414747,0.1997797191143036
70000,1788355854.4636064,0.19973941147327423
80000,1788355914.5644696,0.1996992528438568
90000,1788355975.881485,0.19966024160385132
100000,1788356037.5261588,0.1996179074048996
110000,1788356113.002712,0.19957996904850006
120000,1788356185.296917,0.19954164326190948
130000,1788356259.38692,0.19949959218502045
140000,1788356330.869939,0.19945748150348663
150000,1788356398.313361,0.19941934943199158
160000,1788356472.306742,0.19938108325004578
170000,1788356536.9316933,0.1993384063243866
180000,1788356596.703961,0.19930016994476318
190000,1788356659.5147684,0.1992623507976532
200000,1788356720.261736,0.19921992719173431
210000,1788356782.4714885,0.19917739927768707
220000,1788356843.6366572,0.19913916289806366
230000,1788356904.535225,0.1991010457277298
240000,1788356966.510843,0.199058398604393
250000,1788357028.1382458,0.19902010262012482
260000,1788357088.8717396,0.1989818960428238
270000,1788357151.2612243,0.19893942773342133
280000,1788357211.3125017,0.19890064001083374
290000,1788357274.4428165,0.19886206090450287
300000,1788357334.893393,0.19881977140903473
310000,1788357396.552911,0.19878099858760834
320000,1788357458.7623436,0.1987425982952118
330000,1788357519.5668695,0.19870026409626007
340000,1788357581.8242795,0.1986580342054367
350000,1788357642.8432627,0.19862011075019836
360000,1788357705.4131584,0.19858206808567047
370000,1788357766.6465907,0.19853965938091278
380000,1788357828.7004843,0.19849759340286255
390000,1788357889.914874,0.19845938682556152
400000,1788357951.3710337,0.19842129945755005
410000,1788358013.7635677,0.1983790546655655
420000,1788358075.8952734,0.19834065437316895
430000,1788358137.9542575,0.19830255210399628
440000,1788358198.9211547,0.19826021790504456
450000,1788358262.458233,0.19821825623512268
460000,1788358322.798851,0.1981806457042694
470000,1788358385.146795,0.1981423795223236
480000,1788358447.326564,0.19810019433498383
490000,1788358509.8710206,0.19805805385112762
500000,1788358571.6666005,0.19801992177963257
510000,1788358636.6556075,0.19798162579536438
520000,1788358698.2593253,0.19793939590454102
530000,1788358761.749075,0.1978975087404251
540000,1788358822.9209328,0.1978597790002823
550000,1788358885.3407214,0.19782178103923798
560000,1788358946.711083,0.1977793425321579
570000,1788359010.1953106,0.1977371722459793
580000,1788359071.4231005,0.1976991444826126
590000,1788359133.7022667,0.1976611614227295
600000,1788359196.12121,0.19761955738067627
610000,1788359257.4702163,0.19758149981498718
620000,1788359319.7291021,0.19754263758659363
630000,1788359379.924039,0.1975000500679016
640000,1788359443.250956,0.19746102392673492
650000,1788359504.3148446,0.19742241501808167
660000,1788359566.832534,0.197379931807518
670000,1788359629.8643992,0.19733744859695435
680000,1788359690.6270514,0.1972987949848175
690000,1788359752.7426813,0.19726058840751648
700000,1788359814.849215,0.19721859693527222
710000,1788359877.3787007,0.19718050956726074
720000,1788359939.3224673,0.19714179635047913
730000,1788360001.510115,0.19709937274456024
740000,1788360063.713092,0.1970570981502533
750000,1788360124.6429155,0.19701939821243286
760000,1788360186.3492029,0.1969812661409378
770000,1788360248.3567622,0.19693909585475922
780000,1788360311.6277652,0.19689714908599854
790000,1788360371.631697,0.19685913622379303
800000,1788360434.0808644,0.19682100415229797
810000,1788360495.4940672,0.19677868485450745
820000,1788360556.5974417,0.19674070179462433
830000,1788360619.4664261,0.19670237600803375
840000,1788360684.9924011,0.19666002690792084
850000,1788360748.405203,0.19661805033683777
860000,1788360810.7920423,0.1965799778699875
870000,1788360875.5231419,0.19654157757759094
880000,1788360944.565013,0.19649897515773773
890000,1788361008.4153533,0.19646066427230835
900000,1788361072.6074636,0.19642247259616852
910000,1788361137.1587973,0.19638001918792725
920000,1788361200.0653346,0.1963379979133606
930000,1788361263.2040768,0.1962997168302536
940000,1788361327.3131888,0.1962617039680481
950000,1788361391.1696997,0.19621911644935608
960000,1788361455.1579933,0.19618089497089386
970000,1788361516.9792545,0.19614219665527344
980000,1788361579.3383613,0.19610007107257843
990000,1788361640.9832408,0.19605788588523865
1000000,1788361703.740948,0.19602012634277344
1010000,1788361765.333379,0.19598235189914703
1020000,1788361826.894121,0.19593971967697144
1030000,1788361893.960702,0.19589731097221375
1040000,1788361962.6788197,0.1958591639995575
1050000,1788362029.701908,0.19582094252109528
1060000,1788362095.7166905,0.19577865302562714
1070000,1788362162.5666583,0.19574066996574402
1080000,1788362228.5973732,0.1957027167081833
1090000,1788362298.78641,0.19566060602664948
1100000,1788362370.0853846,0.19561803340911865
1110000,1788362438.380508,0.19558021426200867
1120000,1788362512.4386985,0.19554181396961212
1130000,1788362583.890386,0.1954997181892395
1140000,1788362656.3724015,0.1954575479030609
1150000,1788362732.2120173,0.19541941583156586
1160000,1788362803.837902,0.19538114964962006
1170000,1788362870.9888742,0.19533884525299072
1180000,1788362937.848029,0.1953004151582718
1190000,1788363010.5089903,0.19526225328445435
1200000,1788363079.5200748,0.19522006809711456
1210000,1788363144.464637,0.1951814442873001
1220000,1788363212.7943795,0.1951431930065155
1230000,1788363279.3316877,0.1951005458831787
1240000,1788363349.332671,0.19505706429481506
1250000,1788363416.7598774,0.1950191855430603
1260000,1788363485.5610025,0.1949806958436966
1270000,1788363554.0828843,0.19493798911571503
1280000,1788363621.2182107,0.19489958882331848
1290000,1788363688.3836892,0.19486138224601746
1300000,1788363756.893918,0.1948188692331314
1310000,1788363823.6144671,0.19478106498718262
1320000,1788363890.8664346,0.1947426199913025
1330000,1788363958.5952885,0.19470082223415375
1340000,1788364028.5478232,0.19465893507003784
1350000,1788364099.4778652,0.19461703300476074
1360000,1788364164.761021,0.19457891583442688
1370000,1788364232.2512736,0.19454088807106018
1380000,1788364300.6891766,0.19449840486049652
1390000,1788364368.2487924,0.1944601684808731
1400000,1788364434.6818957,0.19442182779312134
1410000,1788364501.878657,0.19437913596630096
1420000,1788364570.6182702,0.1943407505750656
1430000,1788364636.5631552,0.19430319964885712
1440000,1788364704.6271944,0.1942611038684845
1450000,1788364772.3184094,0.19421863555908203
1460000,1788364840.4098423,0.194180428981781
1470000,1788364906.7313335,0.19414223730564117
1480000,1788364974.1639965,0.19409941136837006
1490000,1788365042.8393946,0.194056898355484
1500000,1788365109.197515,0.19401876628398895
1510000,1788365177.4147687,0.1939806044101715
1520000,1788365245.525024,0.1939384937286377
1530000,1788365311.963053,0.1939007043838501
1540000,1788365380.340442,0.19386257231235504
1550000,1788365448.4248233,0.19381996989250183
1570000,1788365659.2690792,0.1937401294708252
1580000,1788365740.5563247,0.19370225071907043
1590000,1788365815.1316688,0.19366039335727692
1600000,1788365883.7362432,0.19361816346645355
1610000,1788365951.5643737,0.1935802400112152
1620000,1788366020.2013535,0.1935426890850067
1630000,1788366090.023343,0.1935010701417923
1640000,1788366158.2714398,0.19345875084400177
1650000,1788366233.1438477,0.1934206634759903
1660000,1788366303.3819473,0.19338253140449524
1670000,1788366374.054989,0.19334068894386292
1680000,1788366445.3027847,0.1932983100414276
1690000,1788366513.9228132,0.19326023757457733
1700000,1788366582.8982623,0.19322194159030914
1710000,1788366651.846787,0.19317981600761414
1720000,1788366722.354967,0.19314120709896088
1730000,1788366791.659734,0.19310252368450165
1740000,1788366860.9638789,0.19306020438671112
1750000,1788366931.3783462,0.19301791489124298
1760000,1788367001.2620087,0.19297990202903748
1770000,1788367071.452536,0.1929417997598648
1780000,1788367140.57276,0.19289997220039368
1790000,1788367209.6487398,0.19285796582698822
1800000,1788367280.1216366,0.19281935691833496
1810000,1788367349.3580322,0.1927809864282608
1820000,1788367418.5284572,0.1927383691072464
1830000,1788367488.2950535,0.19270063936710358
1840000,1788367558.3536918,0.19266322255134583
1850000,1788367629.6296222,0.19262006878852844
1860000,1788367697.3232818,0.19258135557174683
1870000,1788367766.495802,0.19254280626773834
1880000,1788367837.501891,0.1925002783536911
1890000,1788367906.956171,0.19245824217796326
1900000,1788367975.1750698,0.19241999089717865
1910000,1788368047.2592764,0.1923818588256836
1920000,1788368116.941991,0.19233925640583038
1930000,1788368186.3429594,0.1922968327999115
1940000,1788368254.896378,0.19225922226905823
1950000,1788368325.1336136,0.19222134351730347
1960000,1788368400.1859674,0.1921791136264801
1970000,1788368473.427449,0.1921408474445343
1980000,1788368544.2560499,0.1921030431985855
1990000,1788368613.6566815,0.19206131994724274
2000000,1788368683.6194901,0.19201940298080444
2010000,1788378717.3955235,0.19197802245616913
2020000,1788378793.225112,0.19194231927394867
2030000,1788378862.802625,0.19189974665641785
2040000,1788378935.1142259,0.1918579638004303
2050000,1788379004.0164914,0.19181989133358002
2060000,1788379073.5413296,0.19178159534931183
2070000,1788379146.1448047,0.19173868000507355
2080000,1788379216.5094452,0.19170063734054565
2090000,1788379286.168237,0.1916627585887909
2100000,1788379357.2002172,0.19162027537822723
2110000,1788379427.6092422,0.1915779560804367
2120000,1788379496.731939,0.19154012203216553
2130000,1788379568.7504187,0.19150184094905853
2140000,1788379638.661156,0.1914595365524292
2150000,1788379709.11855,0.19141718745231628
2160000,1788379777.6577692,0.19137899577617645
2170000,1788379847.9760702,0.19134098291397095
2180000,1788379917.9542415,0.19129811227321625
2190000,1788379988.555207,0.19125987589359283
2200000,1788380058.8103578,0.19122186303138733
2210000,1788380128.1084344,0.19117936491966248
2220000,1788380198.786466,0.19114044308662415
2230000,1788380268.3137057,0.19110189378261566
2240000,1788380339.6213455,0.19105921685695648
2250000,1788380408.2892904,0.19102108478546143
2260000,1788380478.3197258,0.19098259508609772
2270000,1788380549.1051412,0.19094029068946838
2280000,1788380618.1817083,0.1908978819847107
2290000,1788380686.3301675,0.19086025655269623
2300000,1788380756.4601479,0.19082190096378326
2310000,1788380825.2096164,0.1907796710729599
2320000,1788380897.3808062,0.19073717296123505
2330000,1788380965.0951695,0.19069895148277283
2340000,1788381034.5740454,0.1906607449054718
2350000,1788381104.260277,0.1906183660030365
2360000,1788381173.624273,0.19058047235012054
2370000,1788381244.8252432,0.19054219126701355
2380000,1788381313.5158024,0.19049951434135437
2390000,1788381383.2748613,0.19046127796173096
2400000,1788381452.8259082,0.19042307138442993
2410000,1788381521.858059,0.19038091599941254
2420000,1788381592.5822515,0.19033901393413544
2430000,1788381662.4834845,0.19029715657234192
2440000,1788381730.579048,0.19025932252407074
2450000,1788381799.7131407,0.19022120535373688
2460000,1788381869.7498758,0.19017904996871948
2470000,1788381937.7742832,0.19014082849025726
2480000,1788382008.030383,0.19010308384895325
2490000,1788382075.9114377,0.1900610476732254
2500000,1788382145.871433,0.19001859426498413
2510000,1788382216.4622915,0.1899803727865219
2520000,1788382290.0447788,0.18994185328483582
2530000,1788382361.9187658,0.189899742603302
2540000,1788382433.9777868,0.1898576319217682
2550000,1788382505.0251749,0.18981944024562836
2560000,1788382578.5199547,0.18978160619735718
2570000,1788382650.8926382,0.1897391974925995
2580000,1788382721.2890525,0.1897008717060089
2590000,1788382793.8432662,0.18966278433799744
2600000,1788382865.1677241,0.18962018191814423
2610000,1788382935.1068416,0.1895778626203537
2620000,1788383003.057882,0.1895396113395691
2630000,1788383074.2067032,0.18950125575065613
2640000,1788383142.1706526,0.1894591748714447
2650000,1788383217.5193105,0.1894170343875885
2660000,1788425618.2780812,0.18937166035175323
2670000,1788425779.7072933,0.11109890043735504
2680000,1788425842.055596,0.11084598302841187
2690000,1788425904.8150914,0.11049159616231918
2700000,1788425968.710547,0.1101420521736145
2710000,1788426028.698431,0.10982547700405121
2720000,1788426091.8290794,0.10950694233179092
2730000,1788426154.1512053,0.1091528981924057
2740000,1788426215.524691,0.10883829742670059
2750000,1788426277.5626755,0.10852064192295074
2760000,1788426340.0347362,0.10817361623048782
2770000,1788426403.0346766,0.1078227236866951
2780000,1788426463.8515615,0.10750728845596313
2790000,1788426526.6699088,0.10718754678964615
2800000,1788426588.8469758,0.10683616250753403
2810000,1788426652.0032134,0.10648387670516968
2820000,1788426713.7040684,0.1061643585562706
2830000,1788426775.6558409,0.10584881156682968
2840000,1788426838.5882158,0.10549656301736832
2850000,1788426900.6469896,0.105141781270504
2860000,1788426961.3132493,0.10482428222894669
2870000,1788427023.4863057,0.10450775921344757
2880000,1788427086.4857185,0.10415776073932648
2890000,1788427149.5430443,0.10380669683218002
2900000,1788427210.1344206,0.10349059104919434
2910000,1788427272.0691435,0.10317382216453552
2920000,1788427334.8435755,0.10282053053379059
2930000,1788427396.287549,0.10250300168991089
2940000,1788427459.13641,0.10217808932065964
2950000,1788427521.58377,0.10182304680347443
2960000,1788427583.421885,0.10150650888681412
2970000,1788427645.135692,0.10119137167930603
2980000,1788427707.809071,0.1008405014872551
2990000,1788427769.1166794,0.10048942267894745
3000000,1788427831.6985955,0.10017306357622147
3010000,1788428676.0201807,0.12485889345407486
3020000,1788428745.8320603,0.12461338192224503
3030000,1788428809.645746,0.12437444925308228
3040000,1788428877.122189,0.12413902580738068
3050000,1788428942.6706133,0.1238752231001854
3060000,1788429010.7632523,0.12361471354961395
3070000,1788429075.9262242,0.1233770027756691
3080000,1788429143.3225758,0.12313634157180786
3090000,1788429212.7940245,0.12287256866693497
3100000,1788429278.7122324,0.12261036783456802
3110000,1788429342.6914532,0.12237417697906494
3120000,1788429406.3976755,0.12213726341724396
3130000,1788429469.940123,0.12187303602695465
3140000,1788429531.1815634,0.121608205139637
3150000,1788429593.703569,0.12136942893266678
3160000,1788429658.5565095,0.12113185226917267
3170000,1788429722.6289327,0.12086924910545349
3180000,1788429795.9281762,0.12062805891036987
3190000,1788429862.610542,0.12039042264223099
3200000,1788429943.0980375,0.1201256588101387
3210000,1788430007.8718867,0.11986297369003296
3220000,1788430073.9151866,0.11962555348873138
3230000,1788430140.2330265,0.11938737332820892
3240000,1788430204.8434725,0.11912553757429123
3250000,1788430270.7317388,0.11885963380336761
3260000,1788430335.2267594,0.11861767619848251
3270000,1788430405.3910105,0.11837755143642426
3280000,1788430472.8138196,0.11811350286006927
3290000,1788430549.5726564,0.11787383258342743
3300000,1788430625.4139595,0.11763402074575424
3310000,1788430692.4042778,0.11736956238746643
3320000,1788430760.0176034,0.1171327605843544
3330000,1788430832.5809748,0.11689244210720062
3340000,1788430915.436571,0.11662828922271729
3350000,1788430979.356673,0.11636513471603394
3360000,1788431045.6964273,0.11612826585769653
3370000,1788431121.1522298,0.11589117348194122
3380000,1788431197.5890446,0.11562801152467728
3390000,1788431270.4535277,0.11536452919244766
3400000,1788431335.0574763,0.11512656509876251
3410000,1788431397.8210428,0.11488974094390869
3420000,1788431462.2262568,0.11462311446666718
3430000,1788431527.060562,0.11435949802398682
3440000,1788431589.0910733,0.11412258446216583
3450000,1788431652.0740044,0.11388657987117767
3460000,1788431715.9387302,0.11362303793430328
3470000,1788431779.1936204,0.11335845291614532
3480000,1788431843.1081045,0.11311875283718109
3490000,1788431905.4506164,0.1128816306591034
3500000,1788431967.6343539,0.11261841654777527
